"","title","hit","myurl"
"1","TV조선은 정도를 넘는것 같은데요","1","https://www.clien.net/service/board/park/14745547?od=T31&po=0&category=&groupCd="
"2","\(ㅇㅁㅇ)/ 일 하 기 싫 어 !","18","https://www.clien.net/service/board/park/14745545?od=T31&po=0&category=&groupCd="
"3","감자가 도착했습니다.jpg","369","https://www.clien.net/service/board/park/14745542?od=T31&po=0&category=&groupCd="
"4","김남국후보 후원계좌 열렸습니다.....","86","https://www.clien.net/service/board/park/14745541?od=T31&po=0&category=&groupCd="
"5","권순정 페북에서 마음에 안드는 점.txt","490","https://www.clien.net/service/board/park/14745540?od=T31&po=0&category=&groupCd="
"6","와이프가 동숲을 하고 싶어 하는데 말이죠.","543","https://www.clien.net/service/board/park/14745539?od=T31&po=0&category=&groupCd="
"7","영화 '사냥의 시간' 넷플릭스 직행은 큰 충격을 주네요.....","829","https://www.clien.net/service/board/park/14745537?od=T31&po=0&category=&groupCd="
"8","EBS초등 라이브특강 서버다운됐네요. ㅜㅜ","396","https://www.clien.net/service/board/park/14745535?od=T31&po=0&category=&groupCd="
"9","무교입장에서 천주교와 코리안스타일 개신교는 구분합니다!","388","https://www.clien.net/service/board/park/14745534?od=T31&po=0&category=&groupCd="
"10","오영환 힘내라!!","965","https://www.clien.net/service/board/park/14745533?od=T31&po=0&category=&groupCd="
"11","악마 종자들이 실체를 드러내기 시작했네요 ㅎㄷ","1747","https://www.clien.net/service/board/park/14745528?od=T31&po=0&category=&groupCd="
"12","영화 '사냥의시간' 넷플릭스 공개 결정.jpg","1591","https://www.clien.net/service/board/park/14745526?od=T31&po=0&category=&groupCd="
"13","클리앙 아이디 귀한 줄 압시다.","898","https://www.clien.net/service/board/park/14745525?od=T31&po=0&category=&groupCd="
"14","교회 임대료 걱정하는 대구시장이라니???","911","https://www.clien.net/service/board/park/14745523?od=T31&po=0&category=&groupCd="
"15","이제 펭수가 달리기 시작합니다.","964","https://www.clien.net/service/board/park/14745522?od=T31&po=0&category=&groupCd="
"16","스타벅스 쿠폰의 유효기간.","429","https://www.clien.net/service/board/park/14745521?od=T31&po=0&category=&groupCd="
"17","신한 금융투자 서버 터진걸까요?","582","https://www.clien.net/service/board/park/14745520?od=T31&po=0&category=&groupCd="
"18","[속보] 거래소, 코스닥시장도 매도 사이드카 발동","2125","https://www.clien.net/service/board/park/14745519?od=T31&po=0&category=&groupCd="
"19","아베 '도쿄올림픽, 연기 판단도 하지 않을 수 없다'(1보)","1753","https://www.clien.net/service/board/park/14745517?od=T31&po=0&category=&groupCd="
"20","코드 리팩토링 한 적 없는데..?","840","https://www.clien.net/service/board/park/14745516?od=T31&po=0&category=&groupCd="
"21","저의 지난주로또 입니다..","653","https://www.clien.net/service/board/park/14745515?od=T31&po=0&category=&groupCd="
"22","대충 아이유.jpgif","1906","https://www.clien.net/service/board/park/14745514?od=T31&po=0&category=&groupCd="
"23","이민왔습니다.","1524","https://www.clien.net/service/board/park/14745513?od=T31&po=0&category=&groupCd="
"24","2주간 멈추라는 정부의 지침은 임대인에게도 적용되어야 하지 않을까요?","1145","https://www.clien.net/service/board/park/14745512?od=T31&po=0&category=&groupCd="
"25","전 진짜 범진보라는 단어가 매우 마음에 안듭니다.","409","https://www.clien.net/service/board/park/14745511?od=T31&po=0&category=&groupCd="
"26","착한마스크 캠페인 진행합니다~!","724","https://www.clien.net/service/board/park/14745507?od=T31&po=0&category=&groupCd="
"27","어느 요가학원의 패기","3812","https://www.clien.net/service/board/park/14745506?od=T31&po=0&category=&groupCd="
"28","이해찬 당대표가 복귀는 없다 라고 선을 그어버리는 이유는?","1544","https://www.clien.net/service/board/park/14745504?od=T31&po=0&category=&groupCd="
"29","페이팔 사칭 메일 조심하세요.","447","https://www.clien.net/service/board/park/14745503?od=T31&po=0&category=&groupCd="
"30","대구서 코로나19 의료 봉사중인 간호사에 또 컵밥을?…“회의감 든다”","1827","https://www.clien.net/service/board/park/14745502?od=T31&po=0&category=&groupCd="
